{
	"commands" : [
		{ 

				"name": "newSession", 
				"parameters": { 
					"desiredCapabilities": {}, 
					"requiredCapabilities": {} 
				}, 
				"sessionId": null 

		},
		{
				"name": "get",
				"parameters": {
					"url": "http://bing.com"
				},
				"sessionId": "{sessionId}"
		},
		{
				"name": "findElement",
				"parameters": {
					"locator": "css selector",
					"value": "input[name=q]"
				},
				"sessionId": "{sessionId}"
		},
		{ 
				"name": "sendKeys", 
				"parameters": { 
					"id": "{elementId}", 
					"keysToSend": ["L", "i", "n", "r", "W", "e", "b", "D", "r", "i", "v", "e", "r", "\uE007"] 
				}, 
				"sessionId": "{sessionId}" 
		}
		
	]
}